ex. 3:

mysql> SELECT * FROM Account;
    +----+--------------------------+----------+---------------------+---------------------+
    | id | email                    | password | createdOn           | modifiedOn          |
    +----+--------------------------+----------+---------------------+---------------------+
    |  1 | jessicamitch42@gmail.com | password | 2016-07-18 00:00:00 | 2016-07-18 00:00:00 |
    +----+--------------------------+----------+---------------------+---------------------+
    1 row in set (0.00 sec)


mysql> SELECT * FROM AddressBook;
    +----+------------+---------+---------------------+---------------------+
    | id | accountId  | name    | createdOn           | modifiedOn          |
    +----+------------+---------+---------------------+---------------------+
    |  1 | 1234567891 | Jessica | 2016-07-18 00:00:00 | 2016-07-18 00:00:00 |
    +----+------------+---------+---------------------+---------------------+
    1 row in set (0.00 sec)

mysql> SELECT * FROM Entry;
+----+---------------+-----------+----------+---------------------+------+---------+----------------+----------------+------------------+-----------------+-----------------+
| id | addressBookId | firstName | lastName | birthday            | type | subtype | contentLineOne | contentLineTwo | contentLineThree | contentLineFour | contentLineFive |
+----+---------------+-----------+----------+---------------------+------+---------+----------------+----------------+------------------+-----------------+-----------------+
|  1 |    1234567891 | Jessica   | Mitchell | 1990-06-05 00:00:00 | home | email   |                | NULL           | NULL             | NULL            | NULL            |
|  2 |             0 | Phil      | Miller   | NULL                | home | phone   |                | NULL           | NULL             | NULL            | NULL            |
|  3 |             0 | Maxime    | Martin   | NULL                | home | phone   |                | NULL           | NULL             | NULL            | NULL            |
+----+---------------+-----------+----------+---------------------+------+---------+----------------+----------------+------------------+-----------------+-----------------+
3 rows in set (0.00 sec)